iter	RMSE
0	1353.357599
1	1154.581524
2	976.7043408
